{
    "name": "48ac28c8-9ea3-4e0e-9db1-8b5ae0644b85",
    "id": "/providers/Microsoft.Flow/flows/48ac28c8-9ea3-4e0e-9db1-8b5ae0644b85",
    "type": "Microsoft.Flow/flows",
    "properties": {
        "apiId": "/providers/Microsoft.PowerApps/apis/shared_logicflows",
        "displayName": "M365-MessageCenterPosts-ImportToSPV2",
        "definition": {
            "metadata": {
                "workflowEntityId": null,
                "processAdvisorMetadata": null,
                "flowChargedByPaygo": null,
                "flowclientsuspensionreason": "None",
                "flowclientsuspensiontime": null,
                "flowclientsuspensionreasondetails": null,
                "creator": {
                    "id": "00000000-0000-0000-0000-000000000000",
                    "type": "User",
                    "tenantId": "00000000-0000-0000-0000-000000000000"
                },
                "provisioningMethod": "FromDefinition",
                "failureAlertSubscription": true,
                "clientLastModifiedTime": "2025-02-23T05:30:32.6386273Z",
                "connectionKeySavedTimeKey": "2025-02-23T05:30:32.6386273Z"
            },
            "$schema": "https://schema.management.azure.com/providers/Microsoft.Logic/schemas/2016-06-01/workflowdefinition.json#",
            "contentVersion": "1.0.0.0",
            "parameters": {
                "$connections": {
                    "defaultValue": {},
                    "type": "Object"
                },
                "$authentication": {
                    "defaultValue": {},
                    "type": "SecureObject"
                }
            },
            "triggers": {
                "Recurrence": {
                    "recurrence": {
                        "frequency": "Week",
                        "interval": 1,
                        "startTime": "2022-05-29T17:00:00.000Z",
                        "schedule": {
                            "weekDays": [
                                "Sunday"
                            ]
                        }
                    },
                    "metadata": {
                        "operationMetadataId": "f0101981-db9f-43ce-a7d9-426c5a91a46c"
                    },
                    "type": "Recurrence"
                }
            },
            "actions": {
                "MODIFY:_Initialize_Site_URL": {
                    "runAfter": {
                        "MODIFY:_Initialize_Secret": [
                            "Succeeded"
                        ]
                    },
                    "metadata": {
                        "operationMetadataId": "9c83c2cf-c4f3-44fb-9732-20eb68773af3"
                    },
                    "type": "InitializeVariable",
                    "inputs": {
                        "variables": [
                            {
                                "name": "SiteURL",
                                "type": "String",
                                "value": "https://XX.sharepoint.com/sites/M365Messagecenterposts"
                            }
                        ]
                    }
                },
                "MODIFY:_Initialize_List_Title": {
                    "runAfter": {
                        "MODIFY:_Initialize_Site_URL": [
                            "Succeeded"
                        ]
                    },
                    "metadata": {
                        "operationMetadataId": "9c83c2cf-c4f3-44fb-9732-20eb68773af3"
                    },
                    "type": "InitializeVariable",
                    "inputs": {
                        "variables": [
                            {
                                "name": "M365PostsListTitle",
                                "type": "String",
                                "value": "M365MCPosts"
                            }
                        ]
                    }
                },
                "Initialize_StartTime": {
                    "runAfter": {
                        "Compose_Negative_Days": [
                            "Succeeded"
                        ]
                    },
                    "metadata": {
                        "operationMetadataId": "383be7cf-bbf9-4b8a-981b-e73ef2279706"
                    },
                    "type": "InitializeVariable",
                    "inputs": {
                        "variables": [
                            {
                                "name": "StartTime",
                                "type": "String",
                                "value": "@{addDays(utcNow(),outputs('Compose_Negative_Days'))}"
                            }
                        ]
                    }
                },
                "Initialize_Graph_Date_Filter": {
                    "runAfter": {
                        "Initialize_StartTime": [
                            "Succeeded"
                        ]
                    },
                    "metadata": {
                        "operationMetadataId": "55a98fb2-cac0-4b51-9ae3-2ce43b11b48e"
                    },
                    "type": "InitializeVariable",
                    "inputs": {
                        "variables": [
                            {
                                "name": "GraphFilter",
                                "type": "string",
                                "value": "$filter=(lastModifiedDateTime ge @{variables('StartTime')})"
                            }
                        ]
                    }
                },
                "Initialize_Graph_Filter_Services_Filter_(NOT_IN_USE)": {
                    "runAfter": {
                        "MODIFY:_Initialize_Number_of_past_days_to_get_messages": [
                            "Succeeded"
                        ]
                    },
                    "metadata": {
                        "operationMetadataId": "55a98fb2-cac0-4b51-9ae3-2ce43b11b48e"
                    },
                    "type": "InitializeVariable",
                    "inputs": {
                        "variables": [
                            {
                                "name": "GraphServicesFilter",
                                "type": "string",
                                "value": "services/any(s:s eq 'SharePoint Online')"
                            }
                        ]
                    }
                },
                "Initialize_variable_RoadMapIDs": {
                    "runAfter": {
                        "Initialize_Graph_Date_Filter": [
                            "Succeeded"
                        ]
                    },
                    "metadata": {
                        "operationMetadataId": "2277fb52-7f86-4b36-9d87-0e7bc29ddf78"
                    },
                    "type": "InitializeVariable",
                    "inputs": {
                        "variables": [
                            {
                                "name": "varRoadMapIds",
                                "type": "array"
                            }
                        ]
                    }
                },
                "Initialize_Graph_Top_Filter": {
                    "runAfter": {
                        "Initialize_Graph_Filter_Services_Filter_(NOT_IN_USE)": [
                            "Succeeded"
                        ]
                    },
                    "metadata": {
                        "operationMetadataId": "c336ed3e-b99c-4b35-b3d7-f362bf377ba9"
                    },
                    "type": "InitializeVariable",
                    "inputs": {
                        "variables": [
                            {
                                "name": "GraphTopFilter",
                                "type": "string",
                                "value": "$top=999"
                            }
                        ]
                    }
                },
                "MODIFY:_Initialize_Number_of_past_days_to_get_messages": {
                    "runAfter": {
                        "MODIFY:_Email_Address_to_Notify_in_case_of_errors": [
                            "Succeeded"
                        ]
                    },
                    "metadata": {
                        "operationMetadataId": "afef8a2c-4bd7-40fa-a93b-f45eedde56df"
                    },
                    "type": "InitializeVariable",
                    "inputs": {
                        "variables": [
                            {
                                "name": "NumberofDaysPosts",
                                "type": "integer",
                                "value": 7
                            }
                        ]
                    }
                },
                "Compose_Negative_Days": {
                    "runAfter": {
                        "Initialize_Graph_Top_Filter": [
                            "Succeeded"
                        ]
                    },
                    "metadata": {
                        "operationMetadataId": "be8629c1-4c9a-4ae6-a4ff-01b68230fe69"
                    },
                    "type": "Compose",
                    "inputs": "@mul(variables('NumberofDaysPosts'),-1)"
                },
                "MODIFY:_Initialize_TenantId": {
                    "runAfter": {},
                    "metadata": {
                        "operationMetadataId": "94118674-2067-4e42-9e81-49347554a9b2"
                    },
                    "type": "InitializeVariable",
                    "inputs": {
                        "variables": [
                            {
                                "name": "TenantId",
                                "type": "String",
                                "value": "00000000-0000-0000-0000-000000000000"
                            }
                        ]
                    }
                },
                "MODIFY:_Initialize_ClientId": {
                    "runAfter": {
                        "MODIFY:_Initialize_TenantId": [
                            "Succeeded"
                        ]
                    },
                    "metadata": {
                        "operationMetadataId": "eda7e2b0-1334-4352-a1e7-c2ff34a7f851"
                    },
                    "type": "InitializeVariable",
                    "inputs": {
                        "variables": [
                            {
                                "name": "ClientId",
                                "type": "String",
                                "value": "00000000-0000-0000-0000-000000000000"
                            }
                        ]
                    }
                },
                "MODIFY:_Initialize_Secret": {
                    "runAfter": {
                        "MODIFY:_Initialize_ClientId": [
                            "Succeeded"
                        ]
                    },
                    "metadata": {
                        "operationMetadataId": "9c83c2cf-c4f3-44fb-9732-20eb68773af3"
                    },
                    "type": "InitializeVariable",
                    "inputs": {
                        "variables": [
                            {
                                "name": "Secret",
                                "type": "String",
                                "value": "Some Secret"
                            }
                        ]
                    }
                },
                "Initialize_variable_Platforms": {
                    "runAfter": {
                        "Initialize_variable_RoadMapIDs": [
                            "Succeeded"
                        ]
                    },
                    "metadata": {
                        "operationMetadataId": "2277fb52-7f86-4b36-9d87-0e7bc29ddf78"
                    },
                    "type": "InitializeVariable",
                    "inputs": {
                        "variables": [
                            {
                                "name": "varPlatforms",
                                "type": "array"
                            }
                        ]
                    }
                },
                "Initialize_variable_Summary": {
                    "runAfter": {
                        "Initialize_variable_Platforms": [
                            "Succeeded"
                        ]
                    },
                    "metadata": {
                        "operationMetadataId": "2277fb52-7f86-4b36-9d87-0e7bc29ddf78"
                    },
                    "type": "InitializeVariable",
                    "inputs": {
                        "variables": [
                            {
                                "name": "varSummary",
                                "type": "string"
                            }
                        ]
                    }
                },
                "Initialize_variable_External_Link": {
                    "runAfter": {
                        "Initialize_variable_Summary": [
                            "Succeeded"
                        ]
                    },
                    "metadata": {
                        "operationMetadataId": "2277fb52-7f86-4b36-9d87-0e7bc29ddf78"
                    },
                    "type": "InitializeVariable",
                    "inputs": {
                        "variables": [
                            {
                                "name": "varExternalLink",
                                "type": "string"
                            }
                        ]
                    }
                },
                "Workflow_Error": {
                    "actions": {
                        "Send_an_email_-_Flow_Error": {
                            "runAfter": {},
                            "metadata": {
                                "operationMetadataId": "08ae70a2-cb84-49b1-9636-5ea6815c0b5e"
                            },
                            "type": "OpenApiConnection",
                            "inputs": {
                                "host": {
                                    "apiId": "/providers/Microsoft.PowerApps/apis/shared_office365",
                                    "connectionName": "shared_office365_1",
                                    "operationId": "SendEmailV2"
                                },
                                "parameters": {
                                    "emailMessage/To": "@variables('EmailToBeNotified')",
                                    "emailMessage/Subject": "FAILED: Error in Flow M365-MessageCenterPosts",
                                    "emailMessage/Body": "<p>FAILED: Error in Flow M365-MessageCenterPosts.</p>"
                                },
                                "authentication": "@parameters('$authentication')"
                            }
                        },
                        "Terminate": {
                            "runAfter": {
                                "Send_an_email_-_Flow_Error": [
                                    "Succeeded"
                                ]
                            },
                            "metadata": {
                                "operationMetadataId": "6d15ff09-8a1f-4f0a-8501-9f5ce0ad3881"
                            },
                            "type": "Terminate",
                            "inputs": {
                                "runStatus": "Failed"
                            }
                        }
                    },
                    "runAfter": {
                        "Do_until": [
                            "Failed",
                            "TimedOut"
                        ]
                    },
                    "metadata": {
                        "operationMetadataId": "c8d9b28c-a2a3-4ea2-80d2-66f76bb3cdb3"
                    },
                    "type": "Scope"
                },
                "MODIFY:_Email_Address_to_Notify_in_case_of_errors": {
                    "runAfter": {
                        "MODIFY:_Initialize_List_Title": [
                            "Succeeded"
                        ]
                    },
                    "metadata": {
                        "operationMetadataId": "afef8a2c-4bd7-40fa-a93b-f45eedde56df"
                    },
                    "type": "InitializeVariable",
                    "inputs": {
                        "variables": [
                            {
                                "name": "EmailToBeNotified",
                                "type": "string",
                                "value": "admin@XX.onmicrosoft.com"
                            }
                        ]
                    }
                },
                "Do_until": {
                    "actions": {
                        "Entire_Flow": {
                            "actions": {
                                "Graph_API_Call": {
                                    "actions": {
                                        "O365_Graph_APIs_call": {
                                            "runAfter": {},
                                            "metadata": {
                                                "operationMetadataId": "269fca7c-6fda-4288-86ad-80e668c8618a"
                                            },
                                            "type": "Http",
                                            "inputs": {
                                                "method": "GET",
                                                "uri": "@variables('varGraphCallURL')",
                                                "headers": {
                                                    "Cache-Control": "no-cache",
                                                    "content-type": "application/json"
                                                },
                                                "authentication": {
                                                    "type": "ActiveDirectoryOAuth",
                                                    "authority": "https://login.microsoftonline.com",
                                                    "tenant": "@variables('TenantId')",
                                                    "audience": "https://graph.microsoft.com",
                                                    "clientId": "@variables('ClientId')",
                                                    "secret": "@variables('Secret')"
                                                }
                                            }
                                        },
                                        "Parse_Graph_Response": {
                                            "runAfter": {
                                                "O365_Graph_APIs_call": [
                                                    "Succeeded"
                                                ]
                                            },
                                            "metadata": {
                                                "operationMetadataId": "74389344-2727-42c7-8e6d-79f21e58841e"
                                            },
                                            "type": "ParseJson",
                                            "inputs": {
                                                "content": "@body('O365_Graph_APIs_call')",
                                                "schema": {
                                                    "type": "object",
                                                    "properties": {
                                                        "@@odata.context": {
                                                            "type": "string"
                                                        },
                                                        "@@odata.count": {
                                                            "type": "integer"
                                                        },
                                                        "@@odata.nextLink": {
                                                            "type": "string",
                                                            "optional": "true"
                                                        },
                                                        "@@microsoft.graph.tips": {
                                                            "type": "string",
                                                            "optional": "true"
                                                        },
                                                        "value": {
                                                            "type": "array",
                                                            "items": {
                                                                "type": "object",
                                                                "properties": {
                                                                    "startDateTime": {
                                                                        "type": "string"
                                                                    },
                                                                    "endDateTime": {
                                                                        "type": "string"
                                                                    },
                                                                    "lastModifiedDateTime": {
                                                                        "type": "string"
                                                                    },
                                                                    "title": {
                                                                        "type": "string"
                                                                    },
                                                                    "id": {
                                                                        "type": "string"
                                                                    },
                                                                    "category": {
                                                                        "type": "string"
                                                                    },
                                                                    "severity": {
                                                                        "type": "string"
                                                                    },
                                                                    "tags": {
                                                                        "type": "array",
                                                                        "items": {
                                                                            "type": "string"
                                                                        }
                                                                    },
                                                                    "isMajorChange": {
                                                                        "type": "boolean"
                                                                    },
                                                                    "actionRequiredByDateTime": {
                                                                        "type": [
                                                                            "string",
                                                                            "null"
                                                                        ],
                                                                        "optional": "true"
                                                                    },
                                                                    "services": {
                                                                        "type": "array",
                                                                        "items": {
                                                                            "type": "string"
                                                                        }
                                                                    },
                                                                    "expiryDateTime": {
                                                                        "optional": "true"
                                                                    },
                                                                    "hasAttachments": {
                                                                        "type": "boolean"
                                                                    },
                                                                    "viewPoint": {},
                                                                    "details": {
                                                                        "type": "array",
                                                                        "items": {
                                                                            "type": "object",
                                                                            "properties": {
                                                                                "name": {
                                                                                    "type": "string"
                                                                                },
                                                                                "value": {
                                                                                    "type": "string"
                                                                                }
                                                                            },
                                                                            "required": [
                                                                                "name",
                                                                                "value"
                                                                            ]
                                                                        }
                                                                    },
                                                                    "body": {
                                                                        "type": "object",
                                                                        "properties": {
                                                                            "contentType": {
                                                                                "type": "string"
                                                                            },
                                                                            "content": {
                                                                                "type": "string"
                                                                            }
                                                                        }
                                                                    }
                                                                },
                                                                "required": []
                                                            }
                                                        }
                                                    }
                                                }
                                            }
                                        },
                                        "Has_No_More_Items": {
                                            "actions": {
                                                "No_More_items": {
                                                    "runAfter": {},
                                                    "metadata": {
                                                        "operationMetadataId": "4a6a6089-f865-4d1a-94e0-b1ac1798aa0d"
                                                    },
                                                    "type": "SetVariable",
                                                    "inputs": {
                                                        "name": "varHasMoreItems",
                                                        "value": "@false"
                                                    }
                                                }
                                            },
                                            "runAfter": {
                                                "Next_Odata_Link": [
                                                    "Succeeded"
                                                ]
                                            },
                                            "else": {
                                                "actions": {
                                                    "Call_has_more_items": {
                                                        "runAfter": {},
                                                        "metadata": {
                                                            "operationMetadataId": "bb215a58-d200-496a-8051-caf024ef4d03"
                                                        },
                                                        "type": "SetVariable",
                                                        "inputs": {
                                                            "name": "varHasMoreItems",
                                                            "value": "@true"
                                                        }
                                                    },
                                                    "Set_Call_URL_to_Next_URL": {
                                                        "runAfter": {
                                                            "Call_has_more_items": [
                                                                "Succeeded"
                                                            ]
                                                        },
                                                        "metadata": {
                                                            "operationMetadataId": "2dae95bc-9bbb-4c38-86a2-bb6dc6970cfc"
                                                        },
                                                        "type": "SetVariable",
                                                        "inputs": {
                                                            "name": "varGraphCallURL",
                                                            "value": "@body('Parse_Graph_Response')?['@odata.nextLink']"
                                                        }
                                                    }
                                                }
                                            },
                                            "expression": {
                                                "equals": [
                                                    "@empty(body('Parse_Graph_Response')?['@odata.nextLink'])",
                                                    "@true"
                                                ]
                                            },
                                            "metadata": {
                                                "operationMetadataId": "a4d37eaf-32c0-41a8-aa2f-507d1f1dc5d4"
                                            },
                                            "type": "If"
                                        },
                                        "Next_Odata_Link": {
                                            "runAfter": {
                                                "Parse_Graph_Response": [
                                                    "Succeeded"
                                                ]
                                            },
                                            "metadata": {
                                                "operationMetadataId": "3c1784b4-9f08-4c87-ba9e-267c7897c4f3"
                                            },
                                            "type": "Compose",
                                            "inputs": "@empty(body('Parse_Graph_Response')?['@odata.nextLink'])"
                                        }
                                    },
                                    "runAfter": {},
                                    "metadata": {
                                        "operationMetadataId": "2bd42870-d3a4-4d4a-9789-b0146d9215bf"
                                    },
                                    "type": "Scope"
                                },
                                "Apply_to_each_Response": {
                                    "foreach": "@body('Parse_Graph_Response')?['value']",
                                    "actions": {
                                        "Process_Response": {
                                            "actions": {
                                                "Apply_to_each_Detail_Element": {
                                                    "foreach": "@body('Parse_Details_JSON')",
                                                    "actions": {
                                                        "Property_Name_is_RoadMapIDs": {
                                                            "actions": {
                                                                "Set_RoadMapIDs_Variable": {
                                                                    "runAfter": {},
                                                                    "metadata": {
                                                                        "operationMetadataId": "5e6ec6c4-0d9d-402c-a676-b3e34b52ec31"
                                                                    },
                                                                    "type": "SetVariable",
                                                                    "inputs": {
                                                                        "name": "varRoadMapIds",
                                                                        "value": "@split(items('Apply_to_each_Detail_Element')['value'], ',')"
                                                                    }
                                                                }
                                                            },
                                                            "runAfter": {},
                                                            "expression": {
                                                                "equals": [
                                                                    "@items('Apply_to_each_Detail_Element')['name']",
                                                                    "RoadmapIds"
                                                                ]
                                                            },
                                                            "metadata": {
                                                                "operationMetadataId": "74743200-31e4-494d-8e2c-8e59a049e9c6"
                                                            },
                                                            "type": "If"
                                                        },
                                                        "Property_Name_is_Platforms": {
                                                            "actions": {
                                                                "Set_Platforms_Variable": {
                                                                    "runAfter": {},
                                                                    "metadata": {
                                                                        "operationMetadataId": "5e6ec6c4-0d9d-402c-a676-b3e34b52ec31"
                                                                    },
                                                                    "type": "SetVariable",
                                                                    "inputs": {
                                                                        "name": "varPlatforms",
                                                                        "value": "@split(items('Apply_to_each_Detail_Element')['value'], ',')"
                                                                    }
                                                                }
                                                            },
                                                            "runAfter": {
                                                                "Property_Name_is_RoadMapIDs": [
                                                                    "Succeeded"
                                                                ]
                                                            },
                                                            "expression": {
                                                                "equals": [
                                                                    "@items('Apply_to_each_Detail_Element')['name']",
                                                                    "Platforms"
                                                                ]
                                                            },
                                                            "metadata": {
                                                                "operationMetadataId": "74743200-31e4-494d-8e2c-8e59a049e9c6"
                                                            },
                                                            "type": "If"
                                                        },
                                                        "Property_Name_is_ExternalLink": {
                                                            "actions": {
                                                                "Set_ExternalLink_Variable": {
                                                                    "runAfter": {},
                                                                    "metadata": {
                                                                        "operationMetadataId": "5e6ec6c4-0d9d-402c-a676-b3e34b52ec31"
                                                                    },
                                                                    "type": "SetVariable",
                                                                    "inputs": {
                                                                        "name": "varExternalLink",
                                                                        "value": "@{items('Apply_to_each_Detail_Element')['value']}"
                                                                    }
                                                                }
                                                            },
                                                            "runAfter": {
                                                                "Property_Name_is_Platforms": [
                                                                    "Succeeded"
                                                                ]
                                                            },
                                                            "expression": {
                                                                "equals": [
                                                                    "@items('Apply_to_each_Detail_Element')['name']",
                                                                    "ExternalLink"
                                                                ]
                                                            },
                                                            "metadata": {
                                                                "operationMetadataId": "74743200-31e4-494d-8e2c-8e59a049e9c6"
                                                            },
                                                            "type": "If"
                                                        },
                                                        "Property_Name_is_Summary": {
                                                            "actions": {
                                                                "Set_Summary_Variable": {
                                                                    "runAfter": {},
                                                                    "metadata": {
                                                                        "operationMetadataId": "5e6ec6c4-0d9d-402c-a676-b3e34b52ec31"
                                                                    },
                                                                    "type": "SetVariable",
                                                                    "inputs": {
                                                                        "name": "varSummary",
                                                                        "value": "@items('Apply_to_each_Detail_Element')['value']"
                                                                    }
                                                                }
                                                            },
                                                            "runAfter": {
                                                                "Property_Name_is_ExternalLink": [
                                                                    "Succeeded"
                                                                ]
                                                            },
                                                            "expression": {
                                                                "equals": [
                                                                    "@items('Apply_to_each_Detail_Element')['name']",
                                                                    "Summary"
                                                                ]
                                                            },
                                                            "metadata": {
                                                                "operationMetadataId": "74743200-31e4-494d-8e2c-8e59a049e9c6"
                                                            },
                                                            "type": "If"
                                                        }
                                                    },
                                                    "runAfter": {
                                                        "Parse_Details_JSON": [
                                                            "Succeeded"
                                                        ]
                                                    },
                                                    "metadata": {
                                                        "operationMetadataId": "d82755b7-c2b1-4fe8-a3d5-6fa3b0d52663"
                                                    },
                                                    "type": "Foreach"
                                                },
                                                "Clear_Variables": {
                                                    "actions": {
                                                        "Clear_variable_RoadMapIds": {
                                                            "runAfter": {},
                                                            "metadata": {
                                                                "operationMetadataId": "4dee2b5c-2286-45a2-a3c8-d459abb99fac"
                                                            },
                                                            "type": "SetVariable",
                                                            "inputs": {
                                                                "name": "varRoadMapIds",
                                                                "value": "@null"
                                                            }
                                                        },
                                                        "Clear_variable_Platforms": {
                                                            "runAfter": {
                                                                "Clear_variable_RoadMapIds": [
                                                                    "Succeeded"
                                                                ]
                                                            },
                                                            "metadata": {
                                                                "operationMetadataId": "4dee2b5c-2286-45a2-a3c8-d459abb99fac"
                                                            },
                                                            "type": "SetVariable",
                                                            "inputs": {
                                                                "name": "varPlatforms",
                                                                "value": "@null"
                                                            }
                                                        },
                                                        "Clear_variable_Summary": {
                                                            "runAfter": {
                                                                "Clear_variable_Platforms": [
                                                                    "Succeeded"
                                                                ]
                                                            },
                                                            "metadata": {
                                                                "operationMetadataId": "4dee2b5c-2286-45a2-a3c8-d459abb99fac"
                                                            },
                                                            "type": "SetVariable",
                                                            "inputs": {
                                                                "name": "varSummary",
                                                                "value": "@null"
                                                            }
                                                        },
                                                        "Clear_variable_External_Link": {
                                                            "runAfter": {
                                                                "Clear_variable_Summary": [
                                                                    "Succeeded"
                                                                ]
                                                            },
                                                            "metadata": {
                                                                "operationMetadataId": "4dee2b5c-2286-45a2-a3c8-d459abb99fac"
                                                            },
                                                            "type": "SetVariable",
                                                            "inputs": {
                                                                "name": "varExternalLink",
                                                                "value": "@null"
                                                            }
                                                        }
                                                    },
                                                    "runAfter": {},
                                                    "metadata": {
                                                        "operationMetadataId": "8d331bb8-f020-45df-931d-592a8d9da977"
                                                    },
                                                    "type": "Scope"
                                                },
                                                "Parse_Details_JSON": {
                                                    "runAfter": {
                                                        "Clear_Variables": [
                                                            "Succeeded"
                                                        ]
                                                    },
                                                    "metadata": {
                                                        "operationMetadataId": "f491c46c-0f33-40b3-84e2-4aaa724147ff"
                                                    },
                                                    "type": "ParseJson",
                                                    "inputs": {
                                                        "content": "@items('Apply_to_each_Response')?['details']",
                                                        "schema": {
                                                            "type": "array",
                                                            "items": {
                                                                "type": "object",
                                                                "properties": {
                                                                    "name": {
                                                                        "type": "string"
                                                                    },
                                                                    "value": {
                                                                        "type": "string"
                                                                    }
                                                                },
                                                                "required": [
                                                                    "name",
                                                                    "value"
                                                                ]
                                                            }
                                                        }
                                                    }
                                                },
                                                "Compose": {
                                                    "runAfter": {
                                                        "Write_to_the_List": [
                                                            "Succeeded",
                                                            "Failed",
                                                            "Skipped",
                                                            "TimedOut"
                                                        ]
                                                    },
                                                    "metadata": {
                                                        "operationMetadataId": "0cdbedfb-fc73-4741-8960-c225e8997f49"
                                                    },
                                                    "type": "Compose",
                                                    "inputs": "Just like that to make sure 1 error does not stop."
                                                },
                                                "Write_to_the_List": {
                                                    "actions": {
                                                        "MC_ID": {
                                                            "runAfter": {},
                                                            "metadata": {
                                                                "operationMetadataId": "70ff1df7-5b81-4e8f-b443-2343ddeef52b"
                                                            },
                                                            "type": "Compose",
                                                            "inputs": "@items('Apply_to_each_Response')?['id']"
                                                        },
                                                        "Add_or_Update_JSON": {
                                                            "runAfter": {
                                                                "MC_ID": [
                                                                    "Succeeded"
                                                                ]
                                                            },
                                                            "metadata": {
                                                                "operationMetadataId": "48de7aa1-d6da-4ba4-b924-7a6232546b10"
                                                            },
                                                            "type": "Compose",
                                                            "inputs": {
                                                                "__metadata": {
                                                                    "type": "SP.Data.M365MCPostsListItem"
                                                                },
                                                                "Title": "@{items('Apply_to_each_Response')?['title']}",
                                                                "actionRequiredByDateTime": "@if(empty(items('Apply_to_each_Response')?['actionRequiredByDateTime']), null, concat('\"', items('Apply_to_each_Response')?['actionRequiredByDateTime'], '\"'))",
                                                                "endDateTime": "@{items('Apply_to_each_Response')?['endDateTime']}",
                                                                "lastModifiedDateTime": "@{items('Apply_to_each_Response')?['lastModifiedDateTime']}",
                                                                "startDateTime": "@{items('Apply_to_each_Response')?['startDateTime']}",
                                                                "body": "@{items('Apply_to_each_Response')?['body']?['content']}",
                                                                "details": "@{items('Apply_to_each_Response')?['details']}",
                                                                "MCId": "@{items('Apply_to_each_Response')?['id']}",
                                                                "isMajorChange": "@{items('Apply_to_each_Response')?['isMajorChange']}",
                                                                "viewPoint": "@{items('Apply_to_each_Response')?['viewPoint']}",
                                                                "category": "@{items('Apply_to_each_Response')?['category']}",
                                                                "severity": "@{items('Apply_to_each_Response')?['severity']}",
                                                                "tags": {
                                                                    "__metadata": {
                                                                        "type": "Collection(Edm.String)"
                                                                    },
                                                                    "results": "@items('Apply_to_each_Response')?['tags']"
                                                                },
                                                                "services": {
                                                                    "__metadata": {
                                                                        "type": "Collection(Edm.String)"
                                                                    },
                                                                    "results": "@items('Apply_to_each_Response')?['services']"
                                                                },
                                                                "RoadMapIds": {
                                                                    "__metadata": {
                                                                        "type": "Collection(Edm.String)"
                                                                    },
                                                                    "results": "@variables('varRoadMapIds')"
                                                                },
                                                                "Platforms": {
                                                                    "__metadata": {
                                                                        "type": "Collection(Edm.String)"
                                                                    },
                                                                    "results": "@variables('varPlatforms')"
                                                                },
                                                                "Summary": "@{variables('varSummary')}",
                                                                "ExternalLink": "@{variables('varExternalLink')}"
                                                            }
                                                        },
                                                        "Check_if_MC_ID_Exists": {
                                                            "runAfter": {
                                                                "Add_or_Update_JSON": [
                                                                    "Succeeded"
                                                                ]
                                                            },
                                                            "metadata": {
                                                                "operationMetadataId": "0c88d3e4-ef5e-40b1-b255-44045b23d19a"
                                                            },
                                                            "type": "OpenApiConnection",
                                                            "inputs": {
                                                                "host": {
                                                                    "apiId": "/providers/Microsoft.PowerApps/apis/shared_sharepointonline",
                                                                    "connectionName": "shared_sharepointonline",
                                                                    "operationId": "HttpRequest"
                                                                },
                                                                "parameters": {
                                                                    "dataset": "@variables('SiteURL')",
                                                                    "parameters/method": "GET",
                                                                    "parameters/uri": "/_api/web/lists/GetByTitle('@{variables('M365PostsListTitle')}')/items?&$filter=MCId eq '@{outputs('MC_ID')}'",
                                                                    "parameters/headers": {
                                                                        "content-type": "application/json;odata=verbose",
                                                                        "accept": "application/json;odata=verbose"
                                                                    }
                                                                },
                                                                "authentication": "@parameters('$authentication')"
                                                            }
                                                        },
                                                        "MC_Id_Exists_or_Not": {
                                                            "actions": {
                                                                "MC_ID_Exists_-_Update": {
                                                                    "actions": {
                                                                        "Compose_-_List_Item_ID": {
                                                                            "runAfter": {},
                                                                            "metadata": {
                                                                                "operationMetadataId": "a42f5ed3-e7f6-4656-b8ee-177bf5c5a379"
                                                                            },
                                                                            "type": "Compose",
                                                                            "inputs": "@body('Check_if_MC_ID_Exists')?['d']?['results']?[0]?['ID']"
                                                                        },
                                                                        "Update_List_Item": {
                                                                            "runAfter": {
                                                                                "Compose_-_List_Item_ID": [
                                                                                    "Succeeded"
                                                                                ]
                                                                            },
                                                                            "metadata": {
                                                                                "operationMetadataId": "d3e133bb-0da2-44ea-9993-e5e66f62ea9b"
                                                                            },
                                                                            "type": "OpenApiConnection",
                                                                            "inputs": {
                                                                                "host": {
                                                                                    "apiId": "/providers/Microsoft.PowerApps/apis/shared_sharepointonline",
                                                                                    "connectionName": "shared_sharepointonline",
                                                                                    "operationId": "HttpRequest"
                                                                                },
                                                                                "parameters": {
                                                                                    "dataset": "@variables('SiteURL')",
                                                                                    "parameters/method": "POST",
                                                                                    "parameters/uri": "/_api/web/lists/GetByTitle('@{variables('M365PostsListTitle')}')/items(@{outputs('Compose_-_List_Item_ID')})",
                                                                                    "parameters/headers": {
                                                                                        "content-type": "application/json;odata=verbose",
                                                                                        "accept": "application/json;odata=verbose",
                                                                                        "If-Match": "*",
                                                                                        "X-HTTP-Method": "MERGE"
                                                                                    },
                                                                                    "parameters/body": "@outputs('Add_or_Update_JSON')"
                                                                                },
                                                                                "authentication": "@parameters('$authentication')"
                                                                            }
                                                                        }
                                                                    },
                                                                    "runAfter": {},
                                                                    "metadata": {
                                                                        "operationMetadataId": "34bb4bd1-e5ff-4898-9744-0838459d8e6a"
                                                                    },
                                                                    "type": "Scope"
                                                                }
                                                            },
                                                            "runAfter": {
                                                                "Check_if_MC_ID_Exists": [
                                                                    "Succeeded"
                                                                ]
                                                            },
                                                            "else": {
                                                                "actions": {
                                                                    "MC_ID_Does_Not_Exists_-_Create": {
                                                                        "actions": {
                                                                            "Create_List_Item": {
                                                                                "runAfter": {},
                                                                                "metadata": {
                                                                                    "operationMetadataId": "16b34e81-07fc-4abb-ba60-9c365f05d33c"
                                                                                },
                                                                                "type": "OpenApiConnection",
                                                                                "inputs": {
                                                                                    "host": {
                                                                                        "apiId": "/providers/Microsoft.PowerApps/apis/shared_sharepointonline",
                                                                                        "connectionName": "shared_sharepointonline",
                                                                                        "operationId": "HttpRequest"
                                                                                    },
                                                                                    "parameters": {
                                                                                        "dataset": "@variables('SiteURL')",
                                                                                        "parameters/method": "POST",
                                                                                        "parameters/uri": "/_api/web/lists/GetByTitle('@{variables('M365PostsListTitle')}')/items",
                                                                                        "parameters/headers": {
                                                                                            "content-type": "application/json;odata=verbose",
                                                                                            "accept": "application/json;odata=verbose"
                                                                                        },
                                                                                        "parameters/body": "@outputs('Add_or_Update_JSON')"
                                                                                    },
                                                                                    "authentication": "@parameters('$authentication')"
                                                                                }
                                                                            }
                                                                        },
                                                                        "runAfter": {},
                                                                        "metadata": {
                                                                            "operationMetadataId": "83a5abd1-0179-467b-aeaf-6f164bebf319"
                                                                        },
                                                                        "type": "Scope"
                                                                    }
                                                                }
                                                            },
                                                            "expression": {
                                                                "equals": [
                                                                    "@empty(body('Check_if_MC_ID_Exists')?['d']?['results'])",
                                                                    "@false"
                                                                ]
                                                            },
                                                            "metadata": {
                                                                "operationMetadataId": "029fecb5-ad93-4864-9614-407ef598934c"
                                                            },
                                                            "type": "If"
                                                        }
                                                    },
                                                    "runAfter": {
                                                        "Apply_to_each_Detail_Element": [
                                                            "Succeeded"
                                                        ]
                                                    },
                                                    "metadata": {
                                                        "operationMetadataId": "32e1d39f-eade-449a-b5cf-83f64827cf03"
                                                    },
                                                    "type": "Scope"
                                                }
                                            },
                                            "runAfter": {},
                                            "metadata": {
                                                "operationMetadataId": "6f3eeb78-49d3-495e-8020-2e80e378c2d0"
                                            },
                                            "type": "Scope"
                                        }
                                    },
                                    "runAfter": {
                                        "Error_making_Graph_Call": [
                                            "Failed",
                                            "Skipped",
                                            "TimedOut"
                                        ]
                                    },
                                    "metadata": {
                                        "operationMetadataId": "11ae8540-d83e-4e71-8cf5-3a328d9077f5"
                                    },
                                    "type": "Foreach"
                                },
                                "Error_making_Graph_Call": {
                                    "actions": {
                                        "Send_an_email_-_Graph_Call_Failed": {
                                            "runAfter": {},
                                            "metadata": {
                                                "operationMetadataId": "08ae70a2-cb84-49b1-9636-5ea6815c0b5e"
                                            },
                                            "type": "OpenApiConnection",
                                            "inputs": {
                                                "host": {
                                                    "apiId": "/providers/Microsoft.PowerApps/apis/shared_office365",
                                                    "connectionName": "shared_office365_1",
                                                    "operationId": "SendEmailV2"
                                                },
                                                "parameters": {
                                                    "emailMessage/To": "@variables('EmailToBeNotified')",
                                                    "emailMessage/Subject": "FAILED: Graph Pull for Message Center failed in flow",
                                                    "emailMessage/Body": "<p>FAILED: Graph Pull for Message Center failed in flow</p>"
                                                },
                                                "authentication": "@parameters('$authentication')"
                                            }
                                        }
                                    },
                                    "runAfter": {
                                        "Graph_API_Call": [
                                            "Failed",
                                            "Skipped",
                                            "TimedOut"
                                        ]
                                    },
                                    "metadata": {
                                        "operationMetadataId": "c8d9b28c-a2a3-4ea2-80d2-66f76bb3cdb3"
                                    },
                                    "type": "Scope"
                                }
                            },
                            "runAfter": {},
                            "metadata": {
                                "operationMetadataId": "51695d2c-3b65-4a21-a42d-ed9d3691ab18"
                            },
                            "type": "Scope"
                        }
                    },
                    "runAfter": {
                        "Initialize_variable_Graph_call_URL": [
                            "Succeeded"
                        ]
                    },
                    "expression": "@equals(variables('varHasMoreItems'), false)",
                    "limit": {
                        "count": 60,
                        "timeout": "PT1H"
                    },
                    "metadata": {
                        "operationMetadataId": "d36da297-a302-44d7-a4e9-4c8aae4d2042"
                    },
                    "type": "Until"
                },
                "Initialize_variable_Graph_call_has_more_items": {
                    "runAfter": {
                        "Initialize_variable_External_Link": [
                            "Succeeded"
                        ]
                    },
                    "metadata": {
                        "operationMetadataId": "1f49b8a1-09a8-456a-b848-c977a28d6b51"
                    },
                    "type": "InitializeVariable",
                    "inputs": {
                        "variables": [
                            {
                                "name": "varHasMoreItems",
                                "type": "boolean",
                                "value": "@true"
                            }
                        ]
                    }
                },
                "Initialize_variable_Graph_call_URL": {
                    "runAfter": {
                        "Initialize_variable_Graph_call_has_more_items": [
                            "Succeeded"
                        ]
                    },
                    "metadata": {
                        "operationMetadataId": "a0b630d6-1f9e-472e-ab6e-26fedcbe8a66"
                    },
                    "type": "InitializeVariable",
                    "inputs": {
                        "variables": [
                            {
                                "name": "varGraphCallURL",
                                "type": "string",
                                "value": "https://graph.microsoft.com/v1.0/admin/serviceAnnouncement/messages?$count=true&@{variables('GraphFilter')}&@{variables('GraphTopFilter')}"
                            }
                        ]
                    }
                }
            }
        },
        "connectionReferences": {
            "shared_office365_1": {
                "connectionName": "e512d56637274d83bbf5e518ce42d3fc",
                "source": "Embedded",
                "id": "/providers/Microsoft.PowerApps/apis/shared_office365",
                "tier": "NotSpecified",
                "apiName": "office365"
            },
            "shared_sharepointonline": {
                "connectionName": "7b3704135d4c4622aa068204a9e572f3",
                "source": "Embedded",
                "id": "/providers/Microsoft.PowerApps/apis/shared_sharepointonline",
                "tier": "NotSpecified",
                "apiName": "sharepointonline"
            }
        },
        "flowFailureAlertSubscribed": false,
        "isManaged": false
    }
}